AccountNumber,InstanceID,Managed By
463938152059,i-0f4e8bbcec503f0f7,CXIO
463938152059,i-0acc3a62427643131,CXIO
463938152059,i-029ca8cfc17fd3abe,CXIO
463938152059,i-04e1fa1c250499d2a,CXIO
463938152059,i-03074c079a08a545b,CXIO
463938152059,i-03c310a41b2f3c619,CXIO
463938152059,i-057333a16f88b6c88,CXIO
463938152059,i-011447c83a737e2ec,CXIO
463938152059,i-038c3fa25a11e84dc,CXIO
463938152059,i-0873d319d348f0dfa,CXIO
463938152059,i-0ccc0419eb4e6e603,CXIO
463938152059,i-0d61ff56f50c357fa,CXIO
463938152059,i-0086f90247e330bfd,CXIO
463938152059,i-0210b3d1d68e974ae,CXIO
463938152059,i-08c9b884322990ae7,CXIO
463938152059,i-067b0472d17720b92,CXIO
463938152059,i-01601249891a741af,CXIO
463938152059,i-0680975a42c78047b,CXIO
463938152059,i-0cb4d9c39712c4463,CXIO
463938152059,i-041e5ca418519be0b,CXIO
463938152059,i-07b6d949f3387b0e8,CXIO
463938152059,i-048e018b9df2b3c6a,CXIO
463938152059,i-0008c9ca641a2d020,CXIO
463938152059,i-0a477961c33ebe100,CXIO
463938152059,i-0f2aaa4ba57a484c0,CXIO
463938152059,i-09a6e0e1f77e97fed,CXIO
463938152059,i-05cbb924228b2ae95,CXIO
463938152059,i-0843993ddf989f0f3,CXIO
463938152059,i-09463dab59c16a87e,CXIO
463938152059,i-06f62d09a5b9d3487,CXIO
463938152059,i-0de20e08c9a9ee614,CXIO
463938152059,i-014502422d37ea38f,CXIO
463938152059,i-04a27eb7dea2ab744,CXIO
463938152059,i-07d721b21e0587f7f,CXIO
463938152059,i-0784e031f15ac6029,CXIO
463938152059,i-09c0885f9a69967e3,CXIO
463938152059,i-093d767307b16dc86,CXIO
463938152059,i-0ea79d4797ebc014d,CXIO
463938152059,i-09cb3888cf64f87cc,CXIO
463938152059,i-08f77cb3f1aec5cd5,CXIO
